{
  "project_info": {
    "project_number": "412124766829",
    "project_id": "ahmedabadlive-46205",
    "storage_bucket": "ahmedabadlive-46205.appspot.com"
  },
  "client": [
    {
      "client_info": {
        "mobilesdk_app_id": "1:412124766829:android:409ae28a697ca364e05564",
        "android_client_info": {
          "package_name": "com.meri.aavaz"
        }
      },
      "oauth_client": [
        {
          "client_id": "412124766829-7t9id6ge0csuh8nb7h3qum946te6u05r.apps.googleusercontent.com",
          "client_type": 1,
          "android_info": {
            "package_name": "com.meri.aavaz",
            "certificate_hash": "b4998e26aa7f1b4c2f00db9f495199aa1870785e"
          }
        },
        {
          "client_id": "412124766829-aro4tg4i1krec4aujcbsp7n06uh74edu.apps.googleusercontent.com",
          "client_type": 1,
          "android_info": {
            "package_name": "com.meri.aavaz",
            "certificate_hash": "ff51aa0f1c329495865cafcd06f5a68b986adf61"
          }
        },
        {
          "client_id": "412124766829-pstjeke0fdcc5csnomkarr3vae85imrh.apps.googleusercontent.com",
          "client_type": 1,
          "android_info": {
            "package_name": "com.meri.aavaz",
            "certificate_hash": "ded4ecd1ad2e69ed7254ca389bddd53a8e640a1b"
          }
        },
        {
          "client_id": "412124766829-b07eiejb07odali0d2acaqfsv1lbjqvl.apps.googleusercontent.com",
          "client_type": 3
        }
      ],
      "api_key": [
        {
          "current_key": "AIzaSyBriiM4Y1xIXz5w_smzE1yZesCd12ziPPc"
        }
      ],
      "services": {
        "appinvite_service": {
          "other_platform_oauth_client": [
            {
              "client_id": "412124766829-b07eiejb07odali0d2acaqfsv1lbjqvl.apps.googleusercontent.com",
              "client_type": 3
            }
          ]
        }
      }
    }
  ],
  "configuration_version": "1"
}